,image_path,person_id,cam_id
0,/home/matzim/PycharmProjects/Master_project/detections/ID0_PIC9_CAM_1.jpg,0,1
1,/home/matzim/PycharmProjects/Master_project/detections/ID0_PIC19_CAM_1.jpg,0,1
2,/home/matzim/PycharmProjects/Master_project/detections/ID0_PIC29_CAM_1.jpg,0,1
3,/home/matzim/PycharmProjects/Master_project/detections/ID0_PIC39_CAM_1.jpg,0,1
4,/home/matzim/PycharmProjects/Master_project/detections/ID0_PIC49_CAM_1.jpg,0,1
5,/home/matzim/PycharmProjects/Master_project/detections/ID1_PIC68_CAM_1.jpg,1,1
6,/home/matzim/PycharmProjects/Master_project/detections/ID1_PIC78_CAM_1.jpg,1,1
7,/home/matzim/PycharmProjects/Master_project/detections/ID1_PIC88_CAM_1.jpg,1,1
8,/home/matzim/PycharmProjects/Master_project/detections/ID1_PIC98_CAM_1.jpg,1,1
9,/home/matzim/PycharmProjects/Master_project/detections/ID1_PIC108_CAM_1.jpg,1,1
10,/home/matzim/PycharmProjects/Master_project/detections/ID2_PIC127_CAM_1.jpg,2,1
11,/home/matzim/PycharmProjects/Master_project/detections/ID2_PIC137_CAM_1.jpg,2,1
12,/home/matzim/PycharmProjects/Master_project/detections/ID2_PIC147_CAM_1.jpg,2,1
13,/home/matzim/PycharmProjects/Master_project/detections/ID2_PIC157_CAM_1.jpg,2,1
14,/home/matzim/PycharmProjects/Master_project/detections/ID2_PIC167_CAM_1.jpg,2,1
15,/home/matzim/PycharmProjects/Master_project/detections/ID3_PIC186_CAM_1.jpg,3,1
16,/home/matzim/PycharmProjects/Master_project/detections/ID3_PIC196_CAM_1.jpg,3,1
17,/home/matzim/PycharmProjects/Master_project/detections/ID3_PIC206_CAM_1.jpg,3,1
18,/home/matzim/PycharmProjects/Master_project/detections/ID3_PIC216_CAM_1.jpg,3,1
19,/home/matzim/PycharmProjects/Master_project/detections/ID3_PIC226_CAM_1.jpg,3,1
20,/home/matzim/PycharmProjects/Master_project/detections/ID3_PIC236_CAM_1.jpg,3,1
21,/home/matzim/PycharmProjects/Master_project/detections/ID3_PIC246_CAM_1.jpg,3,1
22,/home/matzim/PycharmProjects/Master_project/detections/ID3_PIC256_CAM_1.jpg,3,1
23,/home/matzim/PycharmProjects/Master_project/detections/ID3_PIC266_CAM_1.jpg,3,1
24,/home/matzim/PycharmProjects/Master_project/detections/ID3_PIC276_CAM_1.jpg,3,1
25,/home/matzim/PycharmProjects/Master_project/detections/ID3_PIC286_CAM_1.jpg,3,1
26,/home/matzim/PycharmProjects/Master_project/detections/ID3_PIC296_CAM_1.jpg,3,1
27,/home/matzim/PycharmProjects/Master_project/detections/ID3_PIC306_CAM_1.jpg,3,1
28,/home/matzim/PycharmProjects/Master_project/detections/ID4_PIC325_CAM_1.jpg,4,1
29,/home/matzim/PycharmProjects/Master_project/detections/ID4_PIC335_CAM_1.jpg,4,1
30,/home/matzim/PycharmProjects/Master_project/detections/ID4_PIC345_CAM_1.jpg,4,1
31,/home/matzim/PycharmProjects/Master_project/detections/ID4_PIC355_CAM_1.jpg,4,1
32,/home/matzim/PycharmProjects/Master_project/detections/ID4_PIC365_CAM_1.jpg,4,1
33,/home/matzim/PycharmProjects/Master_project/detections/ID4_PIC375_CAM_1.jpg,4,1
34,/home/matzim/PycharmProjects/Master_project/detections/ID4_PIC385_CAM_1.jpg,4,1
35,/home/matzim/PycharmProjects/Master_project/detections/ID4_PIC395_CAM_1.jpg,4,1
36,/home/matzim/PycharmProjects/Master_project/detections/ID4_PIC405_CAM_1.jpg,4,1
37,/home/matzim/PycharmProjects/Master_project/detections/ID4_PIC415_CAM_1.jpg,4,1
38,/home/matzim/PycharmProjects/Master_project/detections/ID4_PIC425_CAM_1.jpg,4,1
39,/home/matzim/PycharmProjects/Master_project/detections/ID4_PIC435_CAM_1.jpg,4,1
40,/home/matzim/PycharmProjects/Master_project/detections/ID4_PIC445_CAM_1.jpg,4,1
41,/home/matzim/PycharmProjects/Master_project/detections/ID5_PIC464_CAM_1.jpg,5,1
42,/home/matzim/PycharmProjects/Master_project/detections/ID5_PIC474_CAM_1.jpg,5,1
43,/home/matzim/PycharmProjects/Master_project/detections/ID5_PIC484_CAM_1.jpg,5,1
44,/home/matzim/PycharmProjects/Master_project/detections/ID5_PIC494_CAM_1.jpg,5,1
45,/home/matzim/PycharmProjects/Master_project/detections/ID5_PIC504_CAM_1.jpg,5,1
46,/home/matzim/PycharmProjects/Master_project/detections/ID5_PIC514_CAM_1.jpg,5,1
47,/home/matzim/PycharmProjects/Master_project/detections/ID5_PIC524_CAM_1.jpg,5,1
48,/home/matzim/PycharmProjects/Master_project/detections/ID5_PIC534_CAM_1.jpg,5,1
49,/home/matzim/PycharmProjects/Master_project/detections/ID5_PIC544_CAM_1.jpg,5,1
50,/home/matzim/PycharmProjects/Master_project/detections/ID6_PIC563_CAM_1.jpg,6,1
51,/home/matzim/PycharmProjects/Master_project/detections/ID6_PIC573_CAM_1.jpg,6,1
52,/home/matzim/PycharmProjects/Master_project/detections/ID6_PIC583_CAM_1.jpg,6,1
53,/home/matzim/PycharmProjects/Master_project/detections/ID6_PIC593_CAM_1.jpg,6,1
54,/home/matzim/PycharmProjects/Master_project/detections/ID6_PIC603_CAM_1.jpg,6,1
55,/home/matzim/PycharmProjects/Master_project/detections/ID6_PIC613_CAM_1.jpg,6,1
56,/home/matzim/PycharmProjects/Master_project/detections/ID6_PIC623_CAM_1.jpg,6,1
57,/home/matzim/PycharmProjects/Master_project/detections/ID6_PIC633_CAM_1.jpg,6,1
58,/home/matzim/PycharmProjects/Master_project/detections/ID6_PIC643_CAM_1.jpg,6,1
59,/home/matzim/PycharmProjects/Master_project/detections/ID7_PIC662_CAM_1.jpg,7,1
60,/home/matzim/PycharmProjects/Master_project/detections/ID7_PIC672_CAM_1.jpg,7,1
61,/home/matzim/PycharmProjects/Master_project/detections/ID7_PIC682_CAM_1.jpg,7,1
62,/home/matzim/PycharmProjects/Master_project/detections/ID7_PIC692_CAM_1.jpg,7,1
63,/home/matzim/PycharmProjects/Master_project/detections/ID7_PIC702_CAM_1.jpg,7,1
64,/home/matzim/PycharmProjects/Master_project/detections/ID7_PIC712_CAM_1.jpg,7,1
65,/home/matzim/PycharmProjects/Master_project/detections/ID7_PIC722_CAM_1.jpg,7,1
66,/home/matzim/PycharmProjects/Master_project/detections/ID7_PIC732_CAM_1.jpg,7,1
67,/home/matzim/PycharmProjects/Master_project/detections/ID7_PIC742_CAM_1.jpg,7,1
68,/home/matzim/PycharmProjects/Master_project/detections/ID7_PIC752_CAM_1.jpg,7,1
69,/home/matzim/PycharmProjects/Master_project/detections/ID7_PIC762_CAM_1.jpg,7,1
70,/home/matzim/PycharmProjects/Master_project/detections/ID7_PIC772_CAM_1.jpg,7,1
71,/home/matzim/PycharmProjects/Master_project/detections/ID7_PIC782_CAM_1.jpg,7,1
72,/home/matzim/PycharmProjects/Master_project/detections/ID7_PIC792_CAM_1.jpg,7,1
73,/home/matzim/PycharmProjects/Master_project/detections/ID7_PIC802_CAM_1.jpg,7,1
74,/home/matzim/PycharmProjects/Master_project/detections/ID7_PIC812_CAM_1.jpg,7,1
75,/home/matzim/PycharmProjects/Master_project/detections/ID7_PIC822_CAM_1.jpg,7,1
76,/home/matzim/PycharmProjects/Master_project/detections/ID8_PIC841_CAM_1.jpg,8,1
77,/home/matzim/PycharmProjects/Master_project/detections/ID8_PIC851_CAM_1.jpg,8,1
78,/home/matzim/PycharmProjects/Master_project/detections/ID8_PIC861_CAM_1.jpg,8,1
79,/home/matzim/PycharmProjects/Master_project/detections/ID8_PIC871_CAM_1.jpg,8,1
80,/home/matzim/PycharmProjects/Master_project/detections/ID8_PIC881_CAM_1.jpg,8,1
81,/home/matzim/PycharmProjects/Master_project/detections/ID8_PIC891_CAM_1.jpg,8,1
82,/home/matzim/PycharmProjects/Master_project/detections/ID8_PIC901_CAM_1.jpg,8,1
83,/home/matzim/PycharmProjects/Master_project/detections/ID8_PIC911_CAM_1.jpg,8,1
84,/home/matzim/PycharmProjects/Master_project/detections/ID8_PIC921_CAM_1.jpg,8,1
85,/home/matzim/PycharmProjects/Master_project/detections/ID8_PIC931_CAM_1.jpg,8,1
86,/home/matzim/PycharmProjects/Master_project/detections/ID8_PIC941_CAM_1.jpg,8,1
87,/home/matzim/PycharmProjects/Master_project/detections/ID8_PIC951_CAM_1.jpg,8,1
88,/home/matzim/PycharmProjects/Master_project/detections/ID8_PIC961_CAM_1.jpg,8,1
89,/home/matzim/PycharmProjects/Master_project/detections/ID9_PIC980_CAM_1.jpg,9,1
90,/home/matzim/PycharmProjects/Master_project/detections/ID9_PIC990_CAM_1.jpg,9,1
91,/home/matzim/PycharmProjects/Master_project/detections/ID9_PIC1000_CAM_1.jpg,9,1
92,/home/matzim/PycharmProjects/Master_project/detections/ID9_PIC1010_CAM_1.jpg,9,1
93,/home/matzim/PycharmProjects/Master_project/detections/ID9_PIC1020_CAM_1.jpg,9,1
94,/home/matzim/PycharmProjects/Master_project/detections/ID10_PIC1039_CAM_1.jpg,10,1
95,/home/matzim/PycharmProjects/Master_project/detections/ID10_PIC1049_CAM_1.jpg,10,1
96,/home/matzim/PycharmProjects/Master_project/detections/ID10_PIC1059_CAM_1.jpg,10,1
97,/home/matzim/PycharmProjects/Master_project/detections/ID10_PIC1069_CAM_1.jpg,10,1
98,/home/matzim/PycharmProjects/Master_project/detections/ID10_PIC1079_CAM_1.jpg,10,1
99,/home/matzim/PycharmProjects/Master_project/detections/ID11_PIC1098_CAM_1.jpg,11,1
100,/home/matzim/PycharmProjects/Master_project/detections/ID11_PIC1108_CAM_1.jpg,11,1
101,/home/matzim/PycharmProjects/Master_project/detections/ID11_PIC1118_CAM_1.jpg,11,1
102,/home/matzim/PycharmProjects/Master_project/detections/ID11_PIC1128_CAM_1.jpg,11,1
103,/home/matzim/PycharmProjects/Master_project/detections/ID11_PIC1138_CAM_1.jpg,11,1
104,/home/matzim/PycharmProjects/Master_project/detections/ID12_PIC1157_CAM_1.jpg,12,1
105,/home/matzim/PycharmProjects/Master_project/detections/ID12_PIC1167_CAM_1.jpg,12,1
106,/home/matzim/PycharmProjects/Master_project/detections/ID12_PIC1177_CAM_1.jpg,12,1
107,/home/matzim/PycharmProjects/Master_project/detections/ID12_PIC1187_CAM_1.jpg,12,1
108,/home/matzim/PycharmProjects/Master_project/detections/ID12_PIC1197_CAM_1.jpg,12,1
109,/home/matzim/PycharmProjects/Master_project/detections/ID12_PIC1207_CAM_1.jpg,12,1
110,/home/matzim/PycharmProjects/Master_project/detections/ID12_PIC1217_CAM_1.jpg,12,1
111,/home/matzim/PycharmProjects/Master_project/detections/ID12_PIC1227_CAM_1.jpg,12,1
112,/home/matzim/PycharmProjects/Master_project/detections/ID12_PIC1237_CAM_1.jpg,12,1
113,/home/matzim/PycharmProjects/Master_project/detections/ID12_PIC1247_CAM_1.jpg,12,1
114,/home/matzim/PycharmProjects/Master_project/detections/ID12_PIC1257_CAM_1.jpg,12,1
115,/home/matzim/PycharmProjects/Master_project/detections/ID13_PIC1276_CAM_1.jpg,13,1
116,/home/matzim/PycharmProjects/Master_project/detections/ID13_PIC1286_CAM_1.jpg,13,1
117,/home/matzim/PycharmProjects/Master_project/detections/ID13_PIC1296_CAM_1.jpg,13,1
118,/home/matzim/PycharmProjects/Master_project/detections/ID13_PIC1306_CAM_1.jpg,13,1
119,/home/matzim/PycharmProjects/Master_project/detections/ID13_PIC1316_CAM_1.jpg,13,1
120,/home/matzim/PycharmProjects/Master_project/detections/ID13_PIC1326_CAM_1.jpg,13,1
121,/home/matzim/PycharmProjects/Master_project/detections/ID13_PIC1336_CAM_1.jpg,13,1
122,/home/matzim/PycharmProjects/Master_project/detections/ID13_PIC1346_CAM_1.jpg,13,1
123,/home/matzim/PycharmProjects/Master_project/detections/ID13_PIC1356_CAM_1.jpg,13,1
124,/home/matzim/PycharmProjects/Master_project/detections/ID13_PIC1366_CAM_1.jpg,13,1
125,/home/matzim/PycharmProjects/Master_project/detections/ID13_PIC1376_CAM_1.jpg,13,1
126,/home/matzim/PycharmProjects/Master_project/detections/ID13_PIC1386_CAM_1.jpg,13,1
127,/home/matzim/PycharmProjects/Master_project/detections/ID13_PIC1396_CAM_1.jpg,13,1
128,/home/matzim/PycharmProjects/Master_project/detections/ID13_PIC1406_CAM_1.jpg,13,1
129,/home/matzim/PycharmProjects/Master_project/detections/ID13_PIC1416_CAM_1.jpg,13,1
130,/home/matzim/PycharmProjects/Master_project/detections/ID13_PIC1426_CAM_1.jpg,13,1
131,/home/matzim/PycharmProjects/Master_project/detections/ID13_PIC1436_CAM_1.jpg,13,1
132,/home/matzim/PycharmProjects/Master_project/detections/ID13_PIC1446_CAM_1.jpg,13,1
133,/home/matzim/PycharmProjects/Master_project/detections/ID13_PIC1456_CAM_1.jpg,13,1
134,/home/matzim/PycharmProjects/Master_project/detections/ID13_PIC1466_CAM_1.jpg,13,1
135,/home/matzim/PycharmProjects/Master_project/detections/ID13_PIC1476_CAM_1.jpg,13,1
136,/home/matzim/PycharmProjects/Master_project/detections/ID14_PIC1495_CAM_1.jpg,14,1
137,/home/matzim/PycharmProjects/Master_project/detections/ID14_PIC1505_CAM_1.jpg,14,1
138,/home/matzim/PycharmProjects/Master_project/detections/ID14_PIC1515_CAM_1.jpg,14,1
139,/home/matzim/PycharmProjects/Master_project/detections/ID14_PIC1525_CAM_1.jpg,14,1
140,/home/matzim/PycharmProjects/Master_project/detections/ID14_PIC1535_CAM_1.jpg,14,1
141,/home/matzim/PycharmProjects/Master_project/detections/ID15_PIC1554_CAM_1.jpg,15,1
142,/home/matzim/PycharmProjects/Master_project/detections/ID15_PIC1564_CAM_1.jpg,15,1
143,/home/matzim/PycharmProjects/Master_project/detections/ID15_PIC1574_CAM_1.jpg,15,1
144,/home/matzim/PycharmProjects/Master_project/detections/ID15_PIC1584_CAM_1.jpg,15,1
145,/home/matzim/PycharmProjects/Master_project/detections/ID15_PIC1594_CAM_1.jpg,15,1
146,/home/matzim/PycharmProjects/Master_project/detections/ID16_PIC1613_CAM_1.jpg,16,1
147,/home/matzim/PycharmProjects/Master_project/detections/ID16_PIC1623_CAM_1.jpg,16,1
148,/home/matzim/PycharmProjects/Master_project/detections/ID16_PIC1633_CAM_1.jpg,16,1
149,/home/matzim/PycharmProjects/Master_project/detections/ID16_PIC1643_CAM_1.jpg,16,1
150,/home/matzim/PycharmProjects/Master_project/detections/ID16_PIC1653_CAM_1.jpg,16,1
151,/home/matzim/PycharmProjects/Master_project/detections/ID16_PIC1663_CAM_1.jpg,16,1
152,/home/matzim/PycharmProjects/Master_project/detections/ID16_PIC1673_CAM_1.jpg,16,1
153,/home/matzim/PycharmProjects/Master_project/detections/ID17_PIC1692_CAM_1.jpg,17,1
154,/home/matzim/PycharmProjects/Master_project/detections/ID17_PIC1702_CAM_1.jpg,17,1
155,/home/matzim/PycharmProjects/Master_project/detections/ID17_PIC1712_CAM_1.jpg,17,1
156,/home/matzim/PycharmProjects/Master_project/detections/ID17_PIC1722_CAM_1.jpg,17,1
157,/home/matzim/PycharmProjects/Master_project/detections/ID17_PIC1732_CAM_1.jpg,17,1
158,/home/matzim/PycharmProjects/Master_project/detections/ID18_PIC1751_CAM_1.jpg,18,1
159,/home/matzim/PycharmProjects/Master_project/detections/ID18_PIC1761_CAM_1.jpg,18,1
160,/home/matzim/PycharmProjects/Master_project/detections/ID18_PIC1771_CAM_1.jpg,18,1
161,/home/matzim/PycharmProjects/Master_project/detections/ID18_PIC1781_CAM_1.jpg,18,1
162,/home/matzim/PycharmProjects/Master_project/detections/ID18_PIC1791_CAM_1.jpg,18,1
163,/home/matzim/PycharmProjects/Master_project/detections/ID18_PIC1801_CAM_1.jpg,18,1
164,/home/matzim/PycharmProjects/Master_project/detections/ID18_PIC1811_CAM_1.jpg,18,1
165,/home/matzim/PycharmProjects/Master_project/detections/ID19_PIC1830_CAM_1.jpg,19,1
166,/home/matzim/PycharmProjects/Master_project/detections/ID19_PIC1840_CAM_1.jpg,19,1
167,/home/matzim/PycharmProjects/Master_project/detections/ID19_PIC1850_CAM_1.jpg,19,1
168,/home/matzim/PycharmProjects/Master_project/detections/ID19_PIC1860_CAM_1.jpg,19,1
169,/home/matzim/PycharmProjects/Master_project/detections/ID19_PIC1870_CAM_1.jpg,19,1
170,/home/matzim/PycharmProjects/Master_project/detections/ID19_PIC1880_CAM_1.jpg,19,1
171,/home/matzim/PycharmProjects/Master_project/detections/ID19_PIC1890_CAM_1.jpg,19,1
172,/home/matzim/PycharmProjects/Master_project/detections/ID19_PIC1900_CAM_1.jpg,19,1
173,/home/matzim/PycharmProjects/Master_project/detections/ID19_PIC1910_CAM_1.jpg,19,1
174,/home/matzim/PycharmProjects/Master_project/detections/ID19_PIC1920_CAM_1.jpg,19,1
175,/home/matzim/PycharmProjects/Master_project/detections/ID19_PIC1930_CAM_1.jpg,19,1
176,/home/matzim/PycharmProjects/Master_project/detections/ID20_PIC1949_CAM_1.jpg,20,1
177,/home/matzim/PycharmProjects/Master_project/detections/ID20_PIC1959_CAM_1.jpg,20,1
178,/home/matzim/PycharmProjects/Master_project/detections/ID20_PIC1969_CAM_1.jpg,20,1
179,/home/matzim/PycharmProjects/Master_project/detections/ID20_PIC1979_CAM_1.jpg,20,1
180,/home/matzim/PycharmProjects/Master_project/detections/ID20_PIC1989_CAM_1.jpg,20,1
181,/home/matzim/PycharmProjects/Master_project/detections/ID20_PIC1999_CAM_1.jpg,20,1
182,/home/matzim/PycharmProjects/Master_project/detections/ID20_PIC2009_CAM_1.jpg,20,1
183,/home/matzim/PycharmProjects/Master_project/detections/ID20_PIC2019_CAM_1.jpg,20,1
184,/home/matzim/PycharmProjects/Master_project/detections/ID20_PIC2029_CAM_1.jpg,20,1
185,/home/matzim/PycharmProjects/Master_project/detections/ID20_PIC2039_CAM_1.jpg,20,1
186,/home/matzim/PycharmProjects/Master_project/detections/ID20_PIC2049_CAM_1.jpg,20,1
187,/home/matzim/PycharmProjects/Master_project/detections/ID20_PIC2059_CAM_1.jpg,20,1
188,/home/matzim/PycharmProjects/Master_project/detections/ID20_PIC2069_CAM_1.jpg,20,1
189,/home/matzim/PycharmProjects/Master_project/detections/ID20_PIC2079_CAM_1.jpg,20,1
190,/home/matzim/PycharmProjects/Master_project/detections/ID20_PIC2089_CAM_1.jpg,20,1
191,/home/matzim/PycharmProjects/Master_project/detections/ID21_PIC2108_CAM_1.jpg,21,1
192,/home/matzim/PycharmProjects/Master_project/detections/ID21_PIC2118_CAM_1.jpg,21,1
193,/home/matzim/PycharmProjects/Master_project/detections/ID21_PIC2128_CAM_1.jpg,21,1
194,/home/matzim/PycharmProjects/Master_project/detections/ID21_PIC2138_CAM_1.jpg,21,1
195,/home/matzim/PycharmProjects/Master_project/detections/ID21_PIC2148_CAM_1.jpg,21,1
196,/home/matzim/PycharmProjects/Master_project/detections/ID22_PIC2167_CAM_1.jpg,22,1
197,/home/matzim/PycharmProjects/Master_project/detections/ID22_PIC2177_CAM_1.jpg,22,1
198,/home/matzim/PycharmProjects/Master_project/detections/ID22_PIC2187_CAM_1.jpg,22,1
199,/home/matzim/PycharmProjects/Master_project/detections/ID22_PIC2197_CAM_1.jpg,22,1
200,/home/matzim/PycharmProjects/Master_project/detections/ID22_PIC2207_CAM_1.jpg,22,1
201,/home/matzim/PycharmProjects/Master_project/detections/ID23_PIC2226_CAM_1.jpg,23,1
202,/home/matzim/PycharmProjects/Master_project/detections/ID23_PIC2236_CAM_1.jpg,23,1
203,/home/matzim/PycharmProjects/Master_project/detections/ID23_PIC2246_CAM_1.jpg,23,1
204,/home/matzim/PycharmProjects/Master_project/detections/ID23_PIC2256_CAM_1.jpg,23,1
205,/home/matzim/PycharmProjects/Master_project/detections/ID23_PIC2266_CAM_1.jpg,23,1
206,/home/matzim/PycharmProjects/Master_project/detections/ID23_PIC2276_CAM_1.jpg,23,1
207,/home/matzim/PycharmProjects/Master_project/detections/ID23_PIC2286_CAM_1.jpg,23,1
208,/home/matzim/PycharmProjects/Master_project/detections/ID24_PIC2305_CAM_1.jpg,24,1
209,/home/matzim/PycharmProjects/Master_project/detections/ID24_PIC2315_CAM_1.jpg,24,1
210,/home/matzim/PycharmProjects/Master_project/detections/ID24_PIC2325_CAM_1.jpg,24,1
211,/home/matzim/PycharmProjects/Master_project/detections/ID24_PIC2335_CAM_1.jpg,24,1
212,/home/matzim/PycharmProjects/Master_project/detections/ID24_PIC2345_CAM_1.jpg,24,1
213,/home/matzim/PycharmProjects/Master_project/detections/ID24_PIC2355_CAM_1.jpg,24,1
214,/home/matzim/PycharmProjects/Master_project/detections/ID24_PIC2365_CAM_1.jpg,24,1
215,/home/matzim/PycharmProjects/Master_project/detections/ID24_PIC2375_CAM_1.jpg,24,1
216,/home/matzim/PycharmProjects/Master_project/detections/ID24_PIC2385_CAM_1.jpg,24,1
217,/home/matzim/PycharmProjects/Master_project/detections/ID25_PIC2404_CAM_1.jpg,25,1
218,/home/matzim/PycharmProjects/Master_project/detections/ID25_PIC2414_CAM_1.jpg,25,1
219,/home/matzim/PycharmProjects/Master_project/detections/ID25_PIC2424_CAM_1.jpg,25,1
220,/home/matzim/PycharmProjects/Master_project/detections/ID25_PIC2434_CAM_1.jpg,25,1
221,/home/matzim/PycharmProjects/Master_project/detections/ID25_PIC2444_CAM_1.jpg,25,1
222,/home/matzim/PycharmProjects/Master_project/detections/ID26_PIC2463_CAM_1.jpg,26,1
223,/home/matzim/PycharmProjects/Master_project/detections/ID26_PIC2473_CAM_1.jpg,26,1
224,/home/matzim/PycharmProjects/Master_project/detections/ID26_PIC2483_CAM_1.jpg,26,1
225,/home/matzim/PycharmProjects/Master_project/detections/ID26_PIC2493_CAM_1.jpg,26,1
226,/home/matzim/PycharmProjects/Master_project/detections/ID26_PIC2503_CAM_1.jpg,26,1
227,/home/matzim/PycharmProjects/Master_project/detections/ID26_PIC2513_CAM_1.jpg,26,1
228,/home/matzim/PycharmProjects/Master_project/detections/ID26_PIC2523_CAM_1.jpg,26,1
229,/home/matzim/PycharmProjects/Master_project/detections/ID27_PIC2542_CAM_1.jpg,27,1
230,/home/matzim/PycharmProjects/Master_project/detections/ID27_PIC2552_CAM_1.jpg,27,1
231,/home/matzim/PycharmProjects/Master_project/detections/ID27_PIC2562_CAM_1.jpg,27,1
232,/home/matzim/PycharmProjects/Master_project/detections/ID27_PIC2572_CAM_1.jpg,27,1
233,/home/matzim/PycharmProjects/Master_project/detections/ID27_PIC2582_CAM_1.jpg,27,1
234,/home/matzim/PycharmProjects/Master_project/detections/ID27_PIC2592_CAM_1.jpg,27,1
235,/home/matzim/PycharmProjects/Master_project/detections/ID27_PIC2602_CAM_1.jpg,27,1
236,/home/matzim/PycharmProjects/Master_project/detections/ID27_PIC2612_CAM_1.jpg,27,1
237,/home/matzim/PycharmProjects/Master_project/detections/ID27_PIC2622_CAM_1.jpg,27,1
238,/home/matzim/PycharmProjects/Master_project/detections/ID28_PIC2641_CAM_1.jpg,28,1
239,/home/matzim/PycharmProjects/Master_project/detections/ID28_PIC2651_CAM_1.jpg,28,1
240,/home/matzim/PycharmProjects/Master_project/detections/ID28_PIC2661_CAM_1.jpg,28,1
241,/home/matzim/PycharmProjects/Master_project/detections/ID28_PIC2671_CAM_1.jpg,28,1
242,/home/matzim/PycharmProjects/Master_project/detections/ID28_PIC2681_CAM_1.jpg,28,1
243,/home/matzim/PycharmProjects/Master_project/detections/ID29_PIC2700_CAM_1.jpg,29,1
244,/home/matzim/PycharmProjects/Master_project/detections/ID29_PIC2710_CAM_1.jpg,29,1
245,/home/matzim/PycharmProjects/Master_project/detections/ID29_PIC2720_CAM_1.jpg,29,1
246,/home/matzim/PycharmProjects/Master_project/detections/ID29_PIC2730_CAM_1.jpg,29,1
247,/home/matzim/PycharmProjects/Master_project/detections/ID29_PIC2740_CAM_1.jpg,29,1
248,/home/matzim/PycharmProjects/Master_project/detections/ID29_PIC2750_CAM_1.jpg,29,1
249,/home/matzim/PycharmProjects/Master_project/detections/ID29_PIC2760_CAM_1.jpg,29,1
250,/home/matzim/PycharmProjects/Master_project/detections/ID30_PIC2779_CAM_1.jpg,30,1
251,/home/matzim/PycharmProjects/Master_project/detections/ID30_PIC2789_CAM_1.jpg,30,1
252,/home/matzim/PycharmProjects/Master_project/detections/ID30_PIC2799_CAM_1.jpg,30,1
253,/home/matzim/PycharmProjects/Master_project/detections/ID30_PIC2809_CAM_1.jpg,30,1
254,/home/matzim/PycharmProjects/Master_project/detections/ID30_PIC2819_CAM_1.jpg,30,1
255,/home/matzim/PycharmProjects/Master_project/detections/ID31_PIC2838_CAM_1.jpg,31,1
256,/home/matzim/PycharmProjects/Master_project/detections/ID31_PIC2848_CAM_1.jpg,31,1
257,/home/matzim/PycharmProjects/Master_project/detections/ID31_PIC2858_CAM_1.jpg,31,1
258,/home/matzim/PycharmProjects/Master_project/detections/ID31_PIC2868_CAM_1.jpg,31,1
259,/home/matzim/PycharmProjects/Master_project/detections/ID31_PIC2878_CAM_1.jpg,31,1
260,/home/matzim/PycharmProjects/Master_project/detections/ID31_PIC2888_CAM_1.jpg,31,1
261,/home/matzim/PycharmProjects/Master_project/detections/ID31_PIC2898_CAM_1.jpg,31,1
262,/home/matzim/PycharmProjects/Master_project/detections/ID31_PIC2908_CAM_1.jpg,31,1
263,/home/matzim/PycharmProjects/Master_project/detections/ID31_PIC2918_CAM_1.jpg,31,1
264,/home/matzim/PycharmProjects/Master_project/detections/ID32_PIC2937_CAM_1.jpg,32,1
265,/home/matzim/PycharmProjects/Master_project/detections/ID32_PIC2947_CAM_1.jpg,32,1
266,/home/matzim/PycharmProjects/Master_project/detections/ID32_PIC2957_CAM_1.jpg,32,1
267,/home/matzim/PycharmProjects/Master_project/detections/ID32_PIC2967_CAM_1.jpg,32,1
268,/home/matzim/PycharmProjects/Master_project/detections/ID32_PIC2977_CAM_1.jpg,32,1
269,/home/matzim/PycharmProjects/Master_project/detections/ID32_PIC2987_CAM_1.jpg,32,1
270,/home/matzim/PycharmProjects/Master_project/detections/ID32_PIC2997_CAM_1.jpg,32,1
271,/home/matzim/PycharmProjects/Master_project/detections/ID32_PIC3007_CAM_1.jpg,32,1
272,/home/matzim/PycharmProjects/Master_project/detections/ID32_PIC3017_CAM_1.jpg,32,1
273,/home/matzim/PycharmProjects/Master_project/detections/ID32_PIC3027_CAM_1.jpg,32,1
274,/home/matzim/PycharmProjects/Master_project/detections/ID32_PIC3037_CAM_1.jpg,32,1
275,/home/matzim/PycharmProjects/Master_project/detections/ID33_PIC3056_CAM_1.jpg,33,1
276,/home/matzim/PycharmProjects/Master_project/detections/ID33_PIC3066_CAM_1.jpg,33,1
277,/home/matzim/PycharmProjects/Master_project/detections/ID33_PIC3076_CAM_1.jpg,33,1
278,/home/matzim/PycharmProjects/Master_project/detections/ID33_PIC3086_CAM_1.jpg,33,1
279,/home/matzim/PycharmProjects/Master_project/detections/ID33_PIC3105_CAM_1.jpg,33,1
280,/home/matzim/PycharmProjects/Master_project/detections/ID34_PIC3106_CAM_1.jpg,34,1
281,/home/matzim/PycharmProjects/Master_project/detections/ID33_PIC3125_CAM_1.jpg,33,1
282,/home/matzim/PycharmProjects/Master_project/detections/ID34_PIC3126_CAM_1.jpg,34,1
283,/home/matzim/PycharmProjects/Master_project/detections/ID33_PIC3145_CAM_1.jpg,33,1
284,/home/matzim/PycharmProjects/Master_project/detections/ID34_PIC3146_CAM_1.jpg,34,1
285,/home/matzim/PycharmProjects/Master_project/detections/ID33_PIC3165_CAM_1.jpg,33,1
286,/home/matzim/PycharmProjects/Master_project/detections/ID34_PIC3166_CAM_1.jpg,34,1
287,/home/matzim/PycharmProjects/Master_project/detections/ID33_PIC3185_CAM_1.jpg,33,1
288,/home/matzim/PycharmProjects/Master_project/detections/ID34_PIC3186_CAM_1.jpg,34,1
289,/home/matzim/PycharmProjects/Master_project/detections/ID33_PIC3205_CAM_1.jpg,33,1
290,/home/matzim/PycharmProjects/Master_project/detections/ID34_PIC3206_CAM_1.jpg,34,1
291,/home/matzim/PycharmProjects/Master_project/detections/ID33_PIC3225_CAM_1.jpg,33,1
292,/home/matzim/PycharmProjects/Master_project/detections/ID34_PIC3226_CAM_1.jpg,34,1
293,/home/matzim/PycharmProjects/Master_project/detections/ID33_PIC3245_CAM_1.jpg,33,1
294,/home/matzim/PycharmProjects/Master_project/detections/ID34_PIC3246_CAM_1.jpg,34,1
295,/home/matzim/PycharmProjects/Master_project/detections/ID33_PIC3265_CAM_1.jpg,33,1
296,/home/matzim/PycharmProjects/Master_project/detections/ID34_PIC3266_CAM_1.jpg,34,1
297,/home/matzim/PycharmProjects/Master_project/detections/ID33_PIC3285_CAM_1.jpg,33,1
298,/home/matzim/PycharmProjects/Master_project/detections/ID34_PIC3286_CAM_1.jpg,34,1
299,/home/matzim/PycharmProjects/Master_project/detections/ID33_PIC3305_CAM_1.jpg,33,1
300,/home/matzim/PycharmProjects/Master_project/detections/ID34_PIC3306_CAM_1.jpg,34,1
301,/home/matzim/PycharmProjects/Master_project/detections/ID33_PIC3325_CAM_1.jpg,33,1
302,/home/matzim/PycharmProjects/Master_project/detections/ID34_PIC3326_CAM_1.jpg,34,1
303,/home/matzim/PycharmProjects/Master_project/detections/ID33_PIC3345_CAM_1.jpg,33,1
304,/home/matzim/PycharmProjects/Master_project/detections/ID34_PIC3346_CAM_1.jpg,34,1
305,/home/matzim/PycharmProjects/Master_project/detections/ID33_PIC3365_CAM_1.jpg,33,1
306,/home/matzim/PycharmProjects/Master_project/detections/ID34_PIC3366_CAM_1.jpg,34,1
307,/home/matzim/PycharmProjects/Master_project/detections/ID33_PIC3385_CAM_1.jpg,33,1
308,/home/matzim/PycharmProjects/Master_project/detections/ID34_PIC3386_CAM_1.jpg,34,1
309,/home/matzim/PycharmProjects/Master_project/detections/ID33_PIC3405_CAM_1.jpg,33,1
310,/home/matzim/PycharmProjects/Master_project/detections/ID34_PIC3406_CAM_1.jpg,34,1
311,/home/matzim/PycharmProjects/Master_project/detections/ID33_PIC3425_CAM_1.jpg,33,1
312,/home/matzim/PycharmProjects/Master_project/detections/ID34_PIC3426_CAM_1.jpg,34,1
313,/home/matzim/PycharmProjects/Master_project/detections/ID33_PIC3445_CAM_1.jpg,33,1
314,/home/matzim/PycharmProjects/Master_project/detections/ID34_PIC3446_CAM_1.jpg,34,1
315,/home/matzim/PycharmProjects/Master_project/detections/ID33_PIC3465_CAM_1.jpg,33,1
316,/home/matzim/PycharmProjects/Master_project/detections/ID34_PIC3466_CAM_1.jpg,34,1
317,/home/matzim/PycharmProjects/Master_project/detections/ID33_PIC3485_CAM_1.jpg,33,1
318,/home/matzim/PycharmProjects/Master_project/detections/ID34_PIC3486_CAM_1.jpg,34,1
319,/home/matzim/PycharmProjects/Master_project/detections/ID33_PIC3505_CAM_1.jpg,33,1
320,/home/matzim/PycharmProjects/Master_project/detections/ID34_PIC3506_CAM_1.jpg,34,1
321,/home/matzim/PycharmProjects/Master_project/detections/ID35_PIC3534_CAM_1.jpg,35,1
322,/home/matzim/PycharmProjects/Master_project/detections/ID35_PIC3544_CAM_1.jpg,35,1
323,/home/matzim/PycharmProjects/Master_project/detections/ID35_PIC3554_CAM_1.jpg,35,1
324,/home/matzim/PycharmProjects/Master_project/detections/ID35_PIC3564_CAM_1.jpg,35,1
325,/home/matzim/PycharmProjects/Master_project/detections/ID35_PIC3574_CAM_1.jpg,35,1
326,/home/matzim/PycharmProjects/Master_project/detections/ID35_PIC3584_CAM_1.jpg,35,1
327,/home/matzim/PycharmProjects/Master_project/detections/ID35_PIC3594_CAM_1.jpg,35,1
328,/home/matzim/PycharmProjects/Master_project/detections/ID36_PIC3613_CAM_1.jpg,36,1
329,/home/matzim/PycharmProjects/Master_project/detections/ID36_PIC3623_CAM_1.jpg,36,1
330,/home/matzim/PycharmProjects/Master_project/detections/ID36_PIC3633_CAM_1.jpg,36,1
331,/home/matzim/PycharmProjects/Master_project/detections/ID36_PIC3643_CAM_1.jpg,36,1
332,/home/matzim/PycharmProjects/Master_project/detections/ID36_PIC3653_CAM_1.jpg,36,1
333,/home/matzim/PycharmProjects/Master_project/detections/ID36_PIC3663_CAM_1.jpg,36,1
334,/home/matzim/PycharmProjects/Master_project/detections/ID36_PIC3673_CAM_1.jpg,36,1
335,/home/matzim/PycharmProjects/Master_project/detections/ID36_PIC3683_CAM_1.jpg,36,1
336,/home/matzim/PycharmProjects/Master_project/detections/ID36_PIC3693_CAM_1.jpg,36,1
337,/home/matzim/PycharmProjects/Master_project/detections/ID36_PIC3703_CAM_1.jpg,36,1
338,/home/matzim/PycharmProjects/Master_project/detections/ID36_PIC3713_CAM_1.jpg,36,1
339,/home/matzim/PycharmProjects/Master_project/detections/ID36_PIC3723_CAM_1.jpg,36,1
340,/home/matzim/PycharmProjects/Master_project/detections/ID36_PIC3733_CAM_1.jpg,36,1
341,/home/matzim/PycharmProjects/Master_project/detections/ID36_PIC3743_CAM_1.jpg,36,1
342,/home/matzim/PycharmProjects/Master_project/detections/ID36_PIC3753_CAM_1.jpg,36,1
343,/home/matzim/PycharmProjects/Master_project/detections/ID36_PIC3763_CAM_1.jpg,36,1
344,/home/matzim/PycharmProjects/Master_project/detections/ID36_PIC3773_CAM_1.jpg,36,1
345,/home/matzim/PycharmProjects/Master_project/detections/ID36_PIC3783_CAM_1.jpg,36,1
346,/home/matzim/PycharmProjects/Master_project/detections/ID36_PIC3793_CAM_1.jpg,36,1
347,/home/matzim/PycharmProjects/Master_project/detections/ID0_PIC9_CAM_2.jpg,0,2
348,/home/matzim/PycharmProjects/Master_project/detections/ID0_PIC19_CAM_2.jpg,0,2
349,/home/matzim/PycharmProjects/Master_project/detections/ID0_PIC29_CAM_2.jpg,0,2
350,/home/matzim/PycharmProjects/Master_project/detections/ID0_PIC39_CAM_2.jpg,0,2
351,/home/matzim/PycharmProjects/Master_project/detections/ID0_PIC49_CAM_2.jpg,0,2
352,/home/matzim/PycharmProjects/Master_project/detections/ID0_PIC59_CAM_2.jpg,0,2
353,/home/matzim/PycharmProjects/Master_project/detections/ID0_PIC69_CAM_2.jpg,0,2
354,/home/matzim/PycharmProjects/Master_project/detections/ID0_PIC79_CAM_2.jpg,0,2
355,/home/matzim/PycharmProjects/Master_project/detections/ID0_PIC98_CAM_2.jpg,0,2
356,/home/matzim/PycharmProjects/Master_project/detections/ID1_PIC99_CAM_2.jpg,1,2
357,/home/matzim/PycharmProjects/Master_project/detections/ID0_PIC118_CAM_2.jpg,0,2
358,/home/matzim/PycharmProjects/Master_project/detections/ID1_PIC119_CAM_2.jpg,1,2
359,/home/matzim/PycharmProjects/Master_project/detections/ID0_PIC138_CAM_2.jpg,0,2
360,/home/matzim/PycharmProjects/Master_project/detections/ID1_PIC139_CAM_2.jpg,1,2
361,/home/matzim/PycharmProjects/Master_project/detections/ID0_PIC158_CAM_2.jpg,0,2
362,/home/matzim/PycharmProjects/Master_project/detections/ID1_PIC159_CAM_2.jpg,1,2
363,/home/matzim/PycharmProjects/Master_project/detections/ID0_PIC178_CAM_2.jpg,0,2
364,/home/matzim/PycharmProjects/Master_project/detections/ID1_PIC179_CAM_2.jpg,1,2
365,/home/matzim/PycharmProjects/Master_project/detections/ID0_PIC198_CAM_2.jpg,0,2
366,/home/matzim/PycharmProjects/Master_project/detections/ID0_PIC208_CAM_2.jpg,0,2
367,/home/matzim/PycharmProjects/Master_project/detections/ID2_PIC227_CAM_2.jpg,2,2
368,/home/matzim/PycharmProjects/Master_project/detections/ID2_PIC237_CAM_2.jpg,2,2
369,/home/matzim/PycharmProjects/Master_project/detections/ID2_PIC247_CAM_2.jpg,2,2
370,/home/matzim/PycharmProjects/Master_project/detections/ID2_PIC257_CAM_2.jpg,2,2
371,/home/matzim/PycharmProjects/Master_project/detections/ID2_PIC267_CAM_2.jpg,2,2
372,/home/matzim/PycharmProjects/Master_project/detections/ID3_PIC286_CAM_2.jpg,3,2
373,/home/matzim/PycharmProjects/Master_project/detections/ID3_PIC296_CAM_2.jpg,3,2
374,/home/matzim/PycharmProjects/Master_project/detections/ID3_PIC306_CAM_2.jpg,3,2
375,/home/matzim/PycharmProjects/Master_project/detections/ID3_PIC316_CAM_2.jpg,3,2
376,/home/matzim/PycharmProjects/Master_project/detections/ID3_PIC326_CAM_2.jpg,3,2
377,/home/matzim/PycharmProjects/Master_project/detections/ID3_PIC336_CAM_2.jpg,3,2
378,/home/matzim/PycharmProjects/Master_project/detections/ID3_PIC346_CAM_2.jpg,3,2
379,/home/matzim/PycharmProjects/Master_project/detections/ID3_PIC356_CAM_2.jpg,3,2
380,/home/matzim/PycharmProjects/Master_project/detections/ID3_PIC366_CAM_2.jpg,3,2
381,/home/matzim/PycharmProjects/Master_project/detections/ID4_PIC385_CAM_2.jpg,4,2
382,/home/matzim/PycharmProjects/Master_project/detections/ID4_PIC395_CAM_2.jpg,4,2
383,/home/matzim/PycharmProjects/Master_project/detections/ID4_PIC405_CAM_2.jpg,4,2
384,/home/matzim/PycharmProjects/Master_project/detections/ID4_PIC415_CAM_2.jpg,4,2
385,/home/matzim/PycharmProjects/Master_project/detections/ID4_PIC425_CAM_2.jpg,4,2
386,/home/matzim/PycharmProjects/Master_project/detections/ID4_PIC435_CAM_2.jpg,4,2
387,/home/matzim/PycharmProjects/Master_project/detections/ID4_PIC445_CAM_2.jpg,4,2
388,/home/matzim/PycharmProjects/Master_project/detections/ID4_PIC455_CAM_2.jpg,4,2
389,/home/matzim/PycharmProjects/Master_project/detections/ID4_PIC465_CAM_2.jpg,4,2
390,/home/matzim/PycharmProjects/Master_project/detections/ID5_PIC484_CAM_2.jpg,5,2
391,/home/matzim/PycharmProjects/Master_project/detections/ID5_PIC494_CAM_2.jpg,5,2
392,/home/matzim/PycharmProjects/Master_project/detections/ID5_PIC504_CAM_2.jpg,5,2
393,/home/matzim/PycharmProjects/Master_project/detections/ID5_PIC514_CAM_2.jpg,5,2
394,/home/matzim/PycharmProjects/Master_project/detections/ID5_PIC524_CAM_2.jpg,5,2
395,/home/matzim/PycharmProjects/Master_project/detections/ID5_PIC534_CAM_2.jpg,5,2
396,/home/matzim/PycharmProjects/Master_project/detections/ID5_PIC544_CAM_2.jpg,5,2
397,/home/matzim/PycharmProjects/Master_project/detections/ID6_PIC563_CAM_2.jpg,6,2
398,/home/matzim/PycharmProjects/Master_project/detections/ID6_PIC573_CAM_2.jpg,6,2
399,/home/matzim/PycharmProjects/Master_project/detections/ID6_PIC583_CAM_2.jpg,6,2
400,/home/matzim/PycharmProjects/Master_project/detections/ID6_PIC593_CAM_2.jpg,6,2
401,/home/matzim/PycharmProjects/Master_project/detections/ID6_PIC603_CAM_2.jpg,6,2
402,/home/matzim/PycharmProjects/Master_project/detections/ID7_PIC622_CAM_2.jpg,7,2
403,/home/matzim/PycharmProjects/Master_project/detections/ID7_PIC632_CAM_2.jpg,7,2
404,/home/matzim/PycharmProjects/Master_project/detections/ID7_PIC642_CAM_2.jpg,7,2
405,/home/matzim/PycharmProjects/Master_project/detections/ID7_PIC652_CAM_2.jpg,7,2
406,/home/matzim/PycharmProjects/Master_project/detections/ID7_PIC662_CAM_2.jpg,7,2
407,/home/matzim/PycharmProjects/Master_project/detections/ID7_PIC672_CAM_2.jpg,7,2
408,/home/matzim/PycharmProjects/Master_project/detections/ID7_PIC682_CAM_2.jpg,7,2
409,/home/matzim/PycharmProjects/Master_project/detections/ID7_PIC692_CAM_2.jpg,7,2
410,/home/matzim/PycharmProjects/Master_project/detections/ID7_PIC702_CAM_2.jpg,7,2
411,/home/matzim/PycharmProjects/Master_project/detections/ID8_PIC721_CAM_2.jpg,8,2
412,/home/matzim/PycharmProjects/Master_project/detections/ID8_PIC731_CAM_2.jpg,8,2
413,/home/matzim/PycharmProjects/Master_project/detections/ID8_PIC741_CAM_2.jpg,8,2
414,/home/matzim/PycharmProjects/Master_project/detections/ID8_PIC751_CAM_2.jpg,8,2
415,/home/matzim/PycharmProjects/Master_project/detections/ID8_PIC761_CAM_2.jpg,8,2
416,/home/matzim/PycharmProjects/Master_project/detections/ID8_PIC771_CAM_2.jpg,8,2
417,/home/matzim/PycharmProjects/Master_project/detections/ID8_PIC781_CAM_2.jpg,8,2
418,/home/matzim/PycharmProjects/Master_project/detections/ID8_PIC791_CAM_2.jpg,8,2
419,/home/matzim/PycharmProjects/Master_project/detections/ID8_PIC801_CAM_2.jpg,8,2
420,/home/matzim/PycharmProjects/Master_project/detections/ID8_PIC811_CAM_2.jpg,8,2
421,/home/matzim/PycharmProjects/Master_project/detections/ID8_PIC821_CAM_2.jpg,8,2
422,/home/matzim/PycharmProjects/Master_project/detections/ID8_PIC831_CAM_2.jpg,8,2
423,/home/matzim/PycharmProjects/Master_project/detections/ID8_PIC841_CAM_2.jpg,8,2
424,/home/matzim/PycharmProjects/Master_project/detections/ID8_PIC851_CAM_2.jpg,8,2
425,/home/matzim/PycharmProjects/Master_project/detections/ID8_PIC861_CAM_2.jpg,8,2
426,/home/matzim/PycharmProjects/Master_project/detections/ID8_PIC871_CAM_2.jpg,8,2
427,/home/matzim/PycharmProjects/Master_project/detections/ID8_PIC881_CAM_2.jpg,8,2
428,/home/matzim/PycharmProjects/Master_project/detections/ID9_PIC900_CAM_2.jpg,9,2
429,/home/matzim/PycharmProjects/Master_project/detections/ID9_PIC910_CAM_2.jpg,9,2
430,/home/matzim/PycharmProjects/Master_project/detections/ID9_PIC920_CAM_2.jpg,9,2
431,/home/matzim/PycharmProjects/Master_project/detections/ID9_PIC930_CAM_2.jpg,9,2
432,/home/matzim/PycharmProjects/Master_project/detections/ID9_PIC940_CAM_2.jpg,9,2
433,/home/matzim/PycharmProjects/Master_project/detections/ID9_PIC950_CAM_2.jpg,9,2
434,/home/matzim/PycharmProjects/Master_project/detections/ID9_PIC960_CAM_2.jpg,9,2
435,/home/matzim/PycharmProjects/Master_project/detections/ID9_PIC970_CAM_2.jpg,9,2
436,/home/matzim/PycharmProjects/Master_project/detections/ID9_PIC980_CAM_2.jpg,9,2
437,/home/matzim/PycharmProjects/Master_project/detections/ID9_PIC990_CAM_2.jpg,9,2
438,/home/matzim/PycharmProjects/Master_project/detections/ID9_PIC1000_CAM_2.jpg,9,2
439,/home/matzim/PycharmProjects/Master_project/detections/ID9_PIC1010_CAM_2.jpg,9,2
440,/home/matzim/PycharmProjects/Master_project/detections/ID9_PIC1020_CAM_2.jpg,9,2
441,/home/matzim/PycharmProjects/Master_project/detections/ID9_PIC1030_CAM_2.jpg,9,2
442,/home/matzim/PycharmProjects/Master_project/detections/ID9_PIC1040_CAM_2.jpg,9,2
443,/home/matzim/PycharmProjects/Master_project/detections/ID9_PIC1050_CAM_2.jpg,9,2
444,/home/matzim/PycharmProjects/Master_project/detections/ID9_PIC1060_CAM_2.jpg,9,2
445,/home/matzim/PycharmProjects/Master_project/detections/ID10_PIC1079_CAM_2.jpg,10,2
446,/home/matzim/PycharmProjects/Master_project/detections/ID10_PIC1089_CAM_2.jpg,10,2
447,/home/matzim/PycharmProjects/Master_project/detections/ID10_PIC1099_CAM_2.jpg,10,2
448,/home/matzim/PycharmProjects/Master_project/detections/ID10_PIC1109_CAM_2.jpg,10,2
449,/home/matzim/PycharmProjects/Master_project/detections/ID10_PIC1119_CAM_2.jpg,10,2
450,/home/matzim/PycharmProjects/Master_project/detections/ID10_PIC1129_CAM_2.jpg,10,2
451,/home/matzim/PycharmProjects/Master_project/detections/ID10_PIC1139_CAM_2.jpg,10,2
452,/home/matzim/PycharmProjects/Master_project/detections/ID10_PIC1149_CAM_2.jpg,10,2
453,/home/matzim/PycharmProjects/Master_project/detections/ID10_PIC1159_CAM_2.jpg,10,2
454,/home/matzim/PycharmProjects/Master_project/detections/ID11_PIC1178_CAM_2.jpg,11,2
455,/home/matzim/PycharmProjects/Master_project/detections/ID11_PIC1188_CAM_2.jpg,11,2
456,/home/matzim/PycharmProjects/Master_project/detections/ID11_PIC1198_CAM_2.jpg,11,2
457,/home/matzim/PycharmProjects/Master_project/detections/ID11_PIC1208_CAM_2.jpg,11,2
458,/home/matzim/PycharmProjects/Master_project/detections/ID11_PIC1218_CAM_2.jpg,11,2
459,/home/matzim/PycharmProjects/Master_project/detections/ID11_PIC1228_CAM_2.jpg,11,2
460,/home/matzim/PycharmProjects/Master_project/detections/ID11_PIC1238_CAM_2.jpg,11,2
461,/home/matzim/PycharmProjects/Master_project/detections/ID11_PIC1248_CAM_2.jpg,11,2
462,/home/matzim/PycharmProjects/Master_project/detections/ID11_PIC1258_CAM_2.jpg,11,2
463,/home/matzim/PycharmProjects/Master_project/detections/ID11_PIC1268_CAM_2.jpg,11,2
464,/home/matzim/PycharmProjects/Master_project/detections/ID11_PIC1278_CAM_2.jpg,11,2
465,/home/matzim/PycharmProjects/Master_project/detections/ID11_PIC1288_CAM_2.jpg,11,2
466,/home/matzim/PycharmProjects/Master_project/detections/ID11_PIC1298_CAM_2.jpg,11,2
467,/home/matzim/PycharmProjects/Master_project/detections/ID11_PIC1308_CAM_2.jpg,11,2
468,/home/matzim/PycharmProjects/Master_project/detections/ID11_PIC1318_CAM_2.jpg,11,2
469,/home/matzim/PycharmProjects/Master_project/detections/ID11_PIC1328_CAM_2.jpg,11,2
470,/home/matzim/PycharmProjects/Master_project/detections/ID11_PIC1338_CAM_2.jpg,11,2
471,/home/matzim/PycharmProjects/Master_project/detections/ID12_PIC1357_CAM_2.jpg,12,2
472,/home/matzim/PycharmProjects/Master_project/detections/ID12_PIC1367_CAM_2.jpg,12,2
473,/home/matzim/PycharmProjects/Master_project/detections/ID12_PIC1377_CAM_2.jpg,12,2
474,/home/matzim/PycharmProjects/Master_project/detections/ID12_PIC1387_CAM_2.jpg,12,2
475,/home/matzim/PycharmProjects/Master_project/detections/ID12_PIC1397_CAM_2.jpg,12,2
476,/home/matzim/PycharmProjects/Master_project/detections/ID12_PIC1407_CAM_2.jpg,12,2
477,/home/matzim/PycharmProjects/Master_project/detections/ID12_PIC1417_CAM_2.jpg,12,2
478,/home/matzim/PycharmProjects/Master_project/detections/ID13_PIC1436_CAM_2.jpg,13,2
479,/home/matzim/PycharmProjects/Master_project/detections/ID13_PIC1446_CAM_2.jpg,13,2
480,/home/matzim/PycharmProjects/Master_project/detections/ID13_PIC1456_CAM_2.jpg,13,2
481,/home/matzim/PycharmProjects/Master_project/detections/ID13_PIC1466_CAM_2.jpg,13,2
482,/home/matzim/PycharmProjects/Master_project/detections/ID13_PIC1476_CAM_2.jpg,13,2
483,/home/matzim/PycharmProjects/Master_project/detections/ID13_PIC1486_CAM_2.jpg,13,2
484,/home/matzim/PycharmProjects/Master_project/detections/ID13_PIC1496_CAM_2.jpg,13,2
485,/home/matzim/PycharmProjects/Master_project/detections/ID13_PIC1506_CAM_2.jpg,13,2
486,/home/matzim/PycharmProjects/Master_project/detections/ID13_PIC1516_CAM_2.jpg,13,2
487,/home/matzim/PycharmProjects/Master_project/detections/ID13_PIC1526_CAM_2.jpg,13,2
488,/home/matzim/PycharmProjects/Master_project/detections/ID13_PIC1554_CAM_2.jpg,13,2
489,/home/matzim/PycharmProjects/Master_project/detections/ID14_PIC1555_CAM_2.jpg,14,2
490,/home/matzim/PycharmProjects/Master_project/detections/ID15_PIC1556_CAM_2.jpg,15,2
491,/home/matzim/PycharmProjects/Master_project/detections/ID13_PIC1584_CAM_2.jpg,13,2
492,/home/matzim/PycharmProjects/Master_project/detections/ID14_PIC1585_CAM_2.jpg,14,2
493,/home/matzim/PycharmProjects/Master_project/detections/ID15_PIC1586_CAM_2.jpg,15,2
494,/home/matzim/PycharmProjects/Master_project/detections/ID14_PIC1605_CAM_2.jpg,14,2
495,/home/matzim/PycharmProjects/Master_project/detections/ID15_PIC1606_CAM_2.jpg,15,2
496,/home/matzim/PycharmProjects/Master_project/detections/ID14_PIC1625_CAM_2.jpg,14,2
497,/home/matzim/PycharmProjects/Master_project/detections/ID15_PIC1626_CAM_2.jpg,15,2
498,/home/matzim/PycharmProjects/Master_project/detections/ID14_PIC1645_CAM_2.jpg,14,2
499,/home/matzim/PycharmProjects/Master_project/detections/ID15_PIC1646_CAM_2.jpg,15,2
500,/home/matzim/PycharmProjects/Master_project/detections/ID14_PIC1665_CAM_2.jpg,14,2
501,/home/matzim/PycharmProjects/Master_project/detections/ID14_PIC1675_CAM_2.jpg,14,2
502,/home/matzim/PycharmProjects/Master_project/detections/ID14_PIC1685_CAM_2.jpg,14,2
503,/home/matzim/PycharmProjects/Master_project/detections/ID14_PIC1695_CAM_2.jpg,14,2
504,/home/matzim/PycharmProjects/Master_project/detections/ID14_PIC1705_CAM_2.jpg,14,2
505,/home/matzim/PycharmProjects/Master_project/detections/ID14_PIC1715_CAM_2.jpg,14,2
506,/home/matzim/PycharmProjects/Master_project/detections/ID14_PIC1725_CAM_2.jpg,14,2
507,/home/matzim/PycharmProjects/Master_project/detections/ID14_PIC1735_CAM_2.jpg,14,2
508,/home/matzim/PycharmProjects/Master_project/detections/ID14_PIC1745_CAM_2.jpg,14,2
509,/home/matzim/PycharmProjects/Master_project/detections/ID14_PIC1755_CAM_2.jpg,14,2
510,/home/matzim/PycharmProjects/Master_project/detections/ID14_PIC1765_CAM_2.jpg,14,2
511,/home/matzim/PycharmProjects/Master_project/detections/ID14_PIC1775_CAM_2.jpg,14,2
512,/home/matzim/PycharmProjects/Master_project/detections/ID16_PIC1794_CAM_2.jpg,16,2
513,/home/matzim/PycharmProjects/Master_project/detections/ID16_PIC1804_CAM_2.jpg,16,2
514,/home/matzim/PycharmProjects/Master_project/detections/ID16_PIC1814_CAM_2.jpg,16,2
515,/home/matzim/PycharmProjects/Master_project/detections/ID16_PIC1824_CAM_2.jpg,16,2
516,/home/matzim/PycharmProjects/Master_project/detections/ID16_PIC1834_CAM_2.jpg,16,2
517,/home/matzim/PycharmProjects/Master_project/detections/ID17_PIC1853_CAM_2.jpg,17,2
518,/home/matzim/PycharmProjects/Master_project/detections/ID17_PIC1863_CAM_2.jpg,17,2
519,/home/matzim/PycharmProjects/Master_project/detections/ID17_PIC1873_CAM_2.jpg,17,2
520,/home/matzim/PycharmProjects/Master_project/detections/ID17_PIC1883_CAM_2.jpg,17,2
521,/home/matzim/PycharmProjects/Master_project/detections/ID17_PIC1893_CAM_2.jpg,17,2
522,/home/matzim/PycharmProjects/Master_project/detections/ID18_PIC1912_CAM_2.jpg,18,2
523,/home/matzim/PycharmProjects/Master_project/detections/ID18_PIC1922_CAM_2.jpg,18,2
524,/home/matzim/PycharmProjects/Master_project/detections/ID18_PIC1932_CAM_2.jpg,18,2
525,/home/matzim/PycharmProjects/Master_project/detections/ID18_PIC1942_CAM_2.jpg,18,2
526,/home/matzim/PycharmProjects/Master_project/detections/ID18_PIC1952_CAM_2.jpg,18,2
527,/home/matzim/PycharmProjects/Master_project/detections/ID19_PIC1971_CAM_2.jpg,19,2
528,/home/matzim/PycharmProjects/Master_project/detections/ID19_PIC1981_CAM_2.jpg,19,2
529,/home/matzim/PycharmProjects/Master_project/detections/ID19_PIC1991_CAM_2.jpg,19,2
530,/home/matzim/PycharmProjects/Master_project/detections/ID19_PIC2001_CAM_2.jpg,19,2
531,/home/matzim/PycharmProjects/Master_project/detections/ID19_PIC2011_CAM_2.jpg,19,2
532,/home/matzim/PycharmProjects/Master_project/detections/ID19_PIC2021_CAM_2.jpg,19,2
533,/home/matzim/PycharmProjects/Master_project/detections/ID19_PIC2031_CAM_2.jpg,19,2
534,/home/matzim/PycharmProjects/Master_project/detections/ID19_PIC2041_CAM_2.jpg,19,2
535,/home/matzim/PycharmProjects/Master_project/detections/ID19_PIC2051_CAM_2.jpg,19,2
536,/home/matzim/PycharmProjects/Master_project/detections/ID19_PIC2061_CAM_2.jpg,19,2
537,/home/matzim/PycharmProjects/Master_project/detections/ID19_PIC2071_CAM_2.jpg,19,2
538,/home/matzim/PycharmProjects/Master_project/detections/ID19_PIC2081_CAM_2.jpg,19,2
539,/home/matzim/PycharmProjects/Master_project/detections/ID19_PIC2091_CAM_2.jpg,19,2
540,/home/matzim/PycharmProjects/Master_project/detections/ID19_PIC2101_CAM_2.jpg,19,2
541,/home/matzim/PycharmProjects/Master_project/detections/ID19_PIC2111_CAM_2.jpg,19,2
542,/home/matzim/PycharmProjects/Master_project/detections/ID19_PIC2121_CAM_2.jpg,19,2
543,/home/matzim/PycharmProjects/Master_project/detections/ID19_PIC2131_CAM_2.jpg,19,2
544,/home/matzim/PycharmProjects/Master_project/detections/ID20_PIC2150_CAM_2.jpg,20,2
545,/home/matzim/PycharmProjects/Master_project/detections/ID20_PIC2160_CAM_2.jpg,20,2
546,/home/matzim/PycharmProjects/Master_project/detections/ID20_PIC2170_CAM_2.jpg,20,2
547,/home/matzim/PycharmProjects/Master_project/detections/ID20_PIC2180_CAM_2.jpg,20,2
548,/home/matzim/PycharmProjects/Master_project/detections/ID20_PIC2190_CAM_2.jpg,20,2
549,/home/matzim/PycharmProjects/Master_project/detections/ID20_PIC2200_CAM_2.jpg,20,2
550,/home/matzim/PycharmProjects/Master_project/detections/ID20_PIC2210_CAM_2.jpg,20,2
551,/home/matzim/PycharmProjects/Master_project/detections/ID20_PIC2220_CAM_2.jpg,20,2
552,/home/matzim/PycharmProjects/Master_project/detections/ID20_PIC2230_CAM_2.jpg,20,2
553,/home/matzim/PycharmProjects/Master_project/detections/ID20_PIC2240_CAM_2.jpg,20,2
554,/home/matzim/PycharmProjects/Master_project/detections/ID20_PIC2250_CAM_2.jpg,20,2
555,/home/matzim/PycharmProjects/Master_project/detections/ID20_PIC2260_CAM_2.jpg,20,2
556,/home/matzim/PycharmProjects/Master_project/detections/ID20_PIC2270_CAM_2.jpg,20,2
557,/home/matzim/PycharmProjects/Master_project/detections/ID20_PIC2280_CAM_2.jpg,20,2
558,/home/matzim/PycharmProjects/Master_project/detections/ID20_PIC2290_CAM_2.jpg,20,2
559,/home/matzim/PycharmProjects/Master_project/detections/ID21_PIC2309_CAM_2.jpg,21,2
560,/home/matzim/PycharmProjects/Master_project/detections/ID21_PIC2319_CAM_2.jpg,21,2
561,/home/matzim/PycharmProjects/Master_project/detections/ID21_PIC2329_CAM_2.jpg,21,2
562,/home/matzim/PycharmProjects/Master_project/detections/ID21_PIC2339_CAM_2.jpg,21,2
563,/home/matzim/PycharmProjects/Master_project/detections/ID21_PIC2349_CAM_2.jpg,21,2
564,/home/matzim/PycharmProjects/Master_project/detections/ID22_PIC2368_CAM_2.jpg,22,2
565,/home/matzim/PycharmProjects/Master_project/detections/ID22_PIC2378_CAM_2.jpg,22,2
566,/home/matzim/PycharmProjects/Master_project/detections/ID22_PIC2388_CAM_2.jpg,22,2
567,/home/matzim/PycharmProjects/Master_project/detections/ID22_PIC2398_CAM_2.jpg,22,2
568,/home/matzim/PycharmProjects/Master_project/detections/ID22_PIC2408_CAM_2.jpg,22,2
569,/home/matzim/PycharmProjects/Master_project/detections/ID22_PIC2418_CAM_2.jpg,22,2
570,/home/matzim/PycharmProjects/Master_project/detections/ID22_PIC2428_CAM_2.jpg,22,2
571,/home/matzim/PycharmProjects/Master_project/detections/ID23_PIC2447_CAM_2.jpg,23,2
572,/home/matzim/PycharmProjects/Master_project/detections/ID23_PIC2457_CAM_2.jpg,23,2
573,/home/matzim/PycharmProjects/Master_project/detections/ID23_PIC2467_CAM_2.jpg,23,2
574,/home/matzim/PycharmProjects/Master_project/detections/ID23_PIC2477_CAM_2.jpg,23,2
575,/home/matzim/PycharmProjects/Master_project/detections/ID23_PIC2487_CAM_2.jpg,23,2
576,/home/matzim/PycharmProjects/Master_project/detections/ID23_PIC2497_CAM_2.jpg,23,2
577,/home/matzim/PycharmProjects/Master_project/detections/ID23_PIC2507_CAM_2.jpg,23,2
578,/home/matzim/PycharmProjects/Master_project/detections/ID23_PIC2517_CAM_2.jpg,23,2
579,/home/matzim/PycharmProjects/Master_project/detections/ID23_PIC2527_CAM_2.jpg,23,2
580,/home/matzim/PycharmProjects/Master_project/detections/ID23_PIC2537_CAM_2.jpg,23,2
581,/home/matzim/PycharmProjects/Master_project/detections/ID23_PIC2547_CAM_2.jpg,23,2
582,/home/matzim/PycharmProjects/Master_project/detections/ID23_PIC2557_CAM_2.jpg,23,2
583,/home/matzim/PycharmProjects/Master_project/detections/ID23_PIC2567_CAM_2.jpg,23,2
584,/home/matzim/PycharmProjects/Master_project/detections/ID24_PIC2586_CAM_2.jpg,24,2
585,/home/matzim/PycharmProjects/Master_project/detections/ID24_PIC2596_CAM_2.jpg,24,2
586,/home/matzim/PycharmProjects/Master_project/detections/ID24_PIC2606_CAM_2.jpg,24,2
587,/home/matzim/PycharmProjects/Master_project/detections/ID24_PIC2616_CAM_2.jpg,24,2
588,/home/matzim/PycharmProjects/Master_project/detections/ID24_PIC2644_CAM_2.jpg,24,2
589,/home/matzim/PycharmProjects/Master_project/detections/ID25_PIC2645_CAM_2.jpg,25,2
590,/home/matzim/PycharmProjects/Master_project/detections/ID26_PIC2646_CAM_2.jpg,26,2
591,/home/matzim/PycharmProjects/Master_project/detections/ID24_PIC2674_CAM_2.jpg,24,2
592,/home/matzim/PycharmProjects/Master_project/detections/ID25_PIC2675_CAM_2.jpg,25,2
593,/home/matzim/PycharmProjects/Master_project/detections/ID26_PIC2676_CAM_2.jpg,26,2
594,/home/matzim/PycharmProjects/Master_project/detections/ID25_PIC2695_CAM_2.jpg,25,2
595,/home/matzim/PycharmProjects/Master_project/detections/ID26_PIC2696_CAM_2.jpg,26,2
596,/home/matzim/PycharmProjects/Master_project/detections/ID25_PIC2715_CAM_2.jpg,25,2
597,/home/matzim/PycharmProjects/Master_project/detections/ID26_PIC2716_CAM_2.jpg,26,2
598,/home/matzim/PycharmProjects/Master_project/detections/ID25_PIC2735_CAM_2.jpg,25,2
599,/home/matzim/PycharmProjects/Master_project/detections/ID26_PIC2736_CAM_2.jpg,26,2
600,/home/matzim/PycharmProjects/Master_project/detections/ID25_PIC2755_CAM_2.jpg,25,2
601,/home/matzim/PycharmProjects/Master_project/detections/ID26_PIC2756_CAM_2.jpg,26,2
602,/home/matzim/PycharmProjects/Master_project/detections/ID25_PIC2775_CAM_2.jpg,25,2
603,/home/matzim/PycharmProjects/Master_project/detections/ID26_PIC2776_CAM_2.jpg,26,2
604,/home/matzim/PycharmProjects/Master_project/detections/ID25_PIC2795_CAM_2.jpg,25,2
605,/home/matzim/PycharmProjects/Master_project/detections/ID26_PIC2796_CAM_2.jpg,26,2
606,/home/matzim/PycharmProjects/Master_project/detections/ID25_PIC2815_CAM_2.jpg,25,2
607,/home/matzim/PycharmProjects/Master_project/detections/ID26_PIC2816_CAM_2.jpg,26,2
608,/home/matzim/PycharmProjects/Master_project/detections/ID25_PIC2835_CAM_2.jpg,25,2
609,/home/matzim/PycharmProjects/Master_project/detections/ID26_PIC2836_CAM_2.jpg,26,2
610,/home/matzim/PycharmProjects/Master_project/detections/ID25_PIC2855_CAM_2.jpg,25,2
611,/home/matzim/PycharmProjects/Master_project/detections/ID26_PIC2856_CAM_2.jpg,26,2
612,/home/matzim/PycharmProjects/Master_project/detections/ID25_PIC2875_CAM_2.jpg,25,2
613,/home/matzim/PycharmProjects/Master_project/detections/ID25_PIC2885_CAM_2.jpg,25,2
614,/home/matzim/PycharmProjects/Master_project/detections/ID25_PIC2895_CAM_2.jpg,25,2
615,/home/matzim/PycharmProjects/Master_project/detections/ID25_PIC2905_CAM_2.jpg,25,2
616,/home/matzim/PycharmProjects/Master_project/detections/ID25_PIC2915_CAM_2.jpg,25,2
617,/home/matzim/PycharmProjects/Master_project/detections/ID25_PIC2925_CAM_2.jpg,25,2
618,/home/matzim/PycharmProjects/Master_project/detections/ID27_PIC2944_CAM_2.jpg,27,2
619,/home/matzim/PycharmProjects/Master_project/detections/ID27_PIC2954_CAM_2.jpg,27,2
620,/home/matzim/PycharmProjects/Master_project/detections/ID27_PIC2964_CAM_2.jpg,27,2
621,/home/matzim/PycharmProjects/Master_project/detections/ID27_PIC2974_CAM_2.jpg,27,2
622,/home/matzim/PycharmProjects/Master_project/detections/ID27_PIC2984_CAM_2.jpg,27,2
623,/home/matzim/PycharmProjects/Master_project/detections/ID27_PIC2994_CAM_2.jpg,27,2
624,/home/matzim/PycharmProjects/Master_project/detections/ID27_PIC3004_CAM_2.jpg,27,2
625,/home/matzim/PycharmProjects/Master_project/detections/ID27_PIC3014_CAM_2.jpg,27,2
626,/home/matzim/PycharmProjects/Master_project/detections/ID27_PIC3024_CAM_2.jpg,27,2
627,/home/matzim/PycharmProjects/Master_project/detections/ID28_PIC3043_CAM_2.jpg,28,2
628,/home/matzim/PycharmProjects/Master_project/detections/ID28_PIC3053_CAM_2.jpg,28,2
629,/home/matzim/PycharmProjects/Master_project/detections/ID28_PIC3063_CAM_2.jpg,28,2
630,/home/matzim/PycharmProjects/Master_project/detections/ID28_PIC3073_CAM_2.jpg,28,2
631,/home/matzim/PycharmProjects/Master_project/detections/ID28_PIC3083_CAM_2.jpg,28,2
632,/home/matzim/PycharmProjects/Master_project/detections/ID29_PIC3111_CAM_2.jpg,29,2
633,/home/matzim/PycharmProjects/Master_project/detections/ID30_PIC3112_CAM_2.jpg,30,2
634,/home/matzim/PycharmProjects/Master_project/detections/ID29_PIC3131_CAM_2.jpg,29,2
635,/home/matzim/PycharmProjects/Master_project/detections/ID30_PIC3132_CAM_2.jpg,30,2
636,/home/matzim/PycharmProjects/Master_project/detections/ID29_PIC3151_CAM_2.jpg,29,2
637,/home/matzim/PycharmProjects/Master_project/detections/ID30_PIC3152_CAM_2.jpg,30,2
638,/home/matzim/PycharmProjects/Master_project/detections/ID29_PIC3171_CAM_2.jpg,29,2
639,/home/matzim/PycharmProjects/Master_project/detections/ID30_PIC3172_CAM_2.jpg,30,2
640,/home/matzim/PycharmProjects/Master_project/detections/ID29_PIC3209_CAM_2.jpg,29,2
641,/home/matzim/PycharmProjects/Master_project/detections/ID30_PIC3210_CAM_2.jpg,30,2
642,/home/matzim/PycharmProjects/Master_project/detections/ID31_PIC3211_CAM_2.jpg,31,2
643,/home/matzim/PycharmProjects/Master_project/detections/ID32_PIC3212_CAM_2.jpg,32,2
644,/home/matzim/PycharmProjects/Master_project/detections/ID29_PIC3249_CAM_2.jpg,29,2
645,/home/matzim/PycharmProjects/Master_project/detections/ID30_PIC3250_CAM_2.jpg,30,2
646,/home/matzim/PycharmProjects/Master_project/detections/ID31_PIC3251_CAM_2.jpg,31,2
647,/home/matzim/PycharmProjects/Master_project/detections/ID32_PIC3252_CAM_2.jpg,32,2
648,/home/matzim/PycharmProjects/Master_project/detections/ID29_PIC3280_CAM_2.jpg,29,2
649,/home/matzim/PycharmProjects/Master_project/detections/ID31_PIC3281_CAM_2.jpg,31,2
650,/home/matzim/PycharmProjects/Master_project/detections/ID32_PIC3282_CAM_2.jpg,32,2
651,/home/matzim/PycharmProjects/Master_project/detections/ID29_PIC3310_CAM_2.jpg,29,2
652,/home/matzim/PycharmProjects/Master_project/detections/ID31_PIC3311_CAM_2.jpg,31,2
653,/home/matzim/PycharmProjects/Master_project/detections/ID32_PIC3312_CAM_2.jpg,32,2
654,/home/matzim/PycharmProjects/Master_project/detections/ID29_PIC3340_CAM_2.jpg,29,2
655,/home/matzim/PycharmProjects/Master_project/detections/ID31_PIC3341_CAM_2.jpg,31,2
656,/home/matzim/PycharmProjects/Master_project/detections/ID32_PIC3342_CAM_2.jpg,32,2
657,/home/matzim/PycharmProjects/Master_project/detections/ID33_PIC3379_CAM_2.jpg,33,2
658,/home/matzim/PycharmProjects/Master_project/detections/ID33_PIC3389_CAM_2.jpg,33,2
659,/home/matzim/PycharmProjects/Master_project/detections/ID33_PIC3399_CAM_2.jpg,33,2
660,/home/matzim/PycharmProjects/Master_project/detections/ID33_PIC3409_CAM_2.jpg,33,2
661,/home/matzim/PycharmProjects/Master_project/detections/ID33_PIC3419_CAM_2.jpg,33,2
662,/home/matzim/PycharmProjects/Master_project/detections/ID34_PIC3438_CAM_2.jpg,34,2
663,/home/matzim/PycharmProjects/Master_project/detections/ID34_PIC3448_CAM_2.jpg,34,2
664,/home/matzim/PycharmProjects/Master_project/detections/ID34_PIC3458_CAM_2.jpg,34,2
665,/home/matzim/PycharmProjects/Master_project/detections/ID34_PIC3468_CAM_2.jpg,34,2
666,/home/matzim/PycharmProjects/Master_project/detections/ID34_PIC3478_CAM_2.jpg,34,2
667,/home/matzim/PycharmProjects/Master_project/detections/ID35_PIC3497_CAM_2.jpg,35,2
668,/home/matzim/PycharmProjects/Master_project/detections/ID35_PIC3507_CAM_2.jpg,35,2
669,/home/matzim/PycharmProjects/Master_project/detections/ID35_PIC3517_CAM_2.jpg,35,2
670,/home/matzim/PycharmProjects/Master_project/detections/ID35_PIC3527_CAM_2.jpg,35,2
671,/home/matzim/PycharmProjects/Master_project/detections/ID35_PIC3537_CAM_2.jpg,35,2
672,/home/matzim/PycharmProjects/Master_project/detections/ID36_PIC3556_CAM_2.jpg,36,2
673,/home/matzim/PycharmProjects/Master_project/detections/ID36_PIC3566_CAM_2.jpg,36,2
674,/home/matzim/PycharmProjects/Master_project/detections/ID36_PIC3576_CAM_2.jpg,36,2
675,/home/matzim/PycharmProjects/Master_project/detections/ID36_PIC3586_CAM_2.jpg,36,2
676,/home/matzim/PycharmProjects/Master_project/detections/ID36_PIC3596_CAM_2.jpg,36,2
677,/home/matzim/PycharmProjects/Master_project/detections/ID37_PIC3615_CAM_2.jpg,37,2
678,/home/matzim/PycharmProjects/Master_project/detections/ID37_PIC3625_CAM_2.jpg,37,2
679,/home/matzim/PycharmProjects/Master_project/detections/ID37_PIC3635_CAM_2.jpg,37,2
680,/home/matzim/PycharmProjects/Master_project/detections/ID37_PIC3645_CAM_2.jpg,37,2
681,/home/matzim/PycharmProjects/Master_project/detections/ID37_PIC3664_CAM_2.jpg,37,2
682,/home/matzim/PycharmProjects/Master_project/detections/ID38_PIC3665_CAM_2.jpg,38,2
683,/home/matzim/PycharmProjects/Master_project/detections/ID37_PIC3684_CAM_2.jpg,37,2
684,/home/matzim/PycharmProjects/Master_project/detections/ID38_PIC3685_CAM_2.jpg,38,2
685,/home/matzim/PycharmProjects/Master_project/detections/ID37_PIC3704_CAM_2.jpg,37,2
686,/home/matzim/PycharmProjects/Master_project/detections/ID38_PIC3705_CAM_2.jpg,38,2
687,/home/matzim/PycharmProjects/Master_project/detections/ID37_PIC3724_CAM_2.jpg,37,2
688,/home/matzim/PycharmProjects/Master_project/detections/ID38_PIC3725_CAM_2.jpg,38,2
689,/home/matzim/PycharmProjects/Master_project/detections/ID37_PIC3744_CAM_2.jpg,37,2
690,/home/matzim/PycharmProjects/Master_project/detections/ID38_PIC3745_CAM_2.jpg,38,2
691,/home/matzim/PycharmProjects/Master_project/detections/ID37_PIC3764_CAM_2.jpg,37,2
692,/home/matzim/PycharmProjects/Master_project/detections/ID37_PIC3774_CAM_2.jpg,37,2
693,/home/matzim/PycharmProjects/Master_project/detections/ID37_PIC3784_CAM_2.jpg,37,2
694,/home/matzim/PycharmProjects/Master_project/detections/ID37_PIC3794_CAM_2.jpg,37,2
695,/home/matzim/PycharmProjects/Master_project/detections/ID37_PIC3804_CAM_2.jpg,37,2
696,/home/matzim/PycharmProjects/Master_project/detections/ID37_PIC3814_CAM_2.jpg,37,2
697,/home/matzim/PycharmProjects/Master_project/detections/ID39_PIC3833_CAM_2.jpg,39,2
698,/home/matzim/PycharmProjects/Master_project/detections/ID39_PIC3843_CAM_2.jpg,39,2
699,/home/matzim/PycharmProjects/Master_project/detections/ID39_PIC3853_CAM_2.jpg,39,2
700,/home/matzim/PycharmProjects/Master_project/detections/ID39_PIC3863_CAM_2.jpg,39,2
701,/home/matzim/PycharmProjects/Master_project/detections/ID39_PIC3873_CAM_2.jpg,39,2
702,/home/matzim/PycharmProjects/Master_project/detections/ID39_PIC3883_CAM_2.jpg,39,2
703,/home/matzim/PycharmProjects/Master_project/detections/ID39_PIC3893_CAM_2.jpg,39,2
704,/home/matzim/PycharmProjects/Master_project/detections/ID39_PIC3903_CAM_2.jpg,39,2
705,/home/matzim/PycharmProjects/Master_project/detections/ID39_PIC3913_CAM_2.jpg,39,2
706,/home/matzim/PycharmProjects/Master_project/detections/ID39_PIC3923_CAM_2.jpg,39,2
707,/home/matzim/PycharmProjects/Master_project/detections/ID39_PIC3933_CAM_2.jpg,39,2
708,/home/matzim/PycharmProjects/Master_project/detections/ID39_PIC3943_CAM_2.jpg,39,2
709,/home/matzim/PycharmProjects/Master_project/detections/ID39_PIC3953_CAM_2.jpg,39,2
710,/home/matzim/PycharmProjects/Master_project/detections/ID39_PIC3963_CAM_2.jpg,39,2
711,/home/matzim/PycharmProjects/Master_project/detections/ID39_PIC3973_CAM_2.jpg,39,2
712,/home/matzim/PycharmProjects/Master_project/detections/ID39_PIC3983_CAM_2.jpg,39,2
713,/home/matzim/PycharmProjects/Master_project/detections/ID39_PIC3993_CAM_2.jpg,39,2
714,/home/matzim/PycharmProjects/Master_project/detections/ID40_PIC4012_CAM_2.jpg,40,2
715,/home/matzim/PycharmProjects/Master_project/detections/ID40_PIC4022_CAM_2.jpg,40,2
716,/home/matzim/PycharmProjects/Master_project/detections/ID40_PIC4032_CAM_2.jpg,40,2
717,/home/matzim/PycharmProjects/Master_project/detections/ID40_PIC4042_CAM_2.jpg,40,2
718,/home/matzim/PycharmProjects/Master_project/detections/ID40_PIC4061_CAM_2.jpg,40,2
719,/home/matzim/PycharmProjects/Master_project/detections/ID41_PIC4062_CAM_2.jpg,41,2
720,/home/matzim/PycharmProjects/Master_project/detections/ID40_PIC4081_CAM_2.jpg,40,2
721,/home/matzim/PycharmProjects/Master_project/detections/ID41_PIC4082_CAM_2.jpg,41,2
722,/home/matzim/PycharmProjects/Master_project/detections/ID40_PIC4101_CAM_2.jpg,40,2
723,/home/matzim/PycharmProjects/Master_project/detections/ID41_PIC4102_CAM_2.jpg,41,2
724,/home/matzim/PycharmProjects/Master_project/detections/ID40_PIC4121_CAM_2.jpg,40,2
725,/home/matzim/PycharmProjects/Master_project/detections/ID41_PIC4122_CAM_2.jpg,41,2
726,/home/matzim/PycharmProjects/Master_project/detections/ID40_PIC4141_CAM_2.jpg,40,2
727,/home/matzim/PycharmProjects/Master_project/detections/ID41_PIC4142_CAM_2.jpg,41,2
728,/home/matzim/PycharmProjects/Master_project/detections/ID41_PIC4161_CAM_2.jpg,41,2
729,/home/matzim/PycharmProjects/Master_project/detections/ID41_PIC4171_CAM_2.jpg,41,2
730,/home/matzim/PycharmProjects/Master_project/detections/ID41_PIC4181_CAM_2.jpg,41,2
731,/home/matzim/PycharmProjects/Master_project/detections/ID41_PIC4200_CAM_2.jpg,41,2
732,/home/matzim/PycharmProjects/Master_project/detections/ID42_PIC4201_CAM_2.jpg,42,2
733,/home/matzim/PycharmProjects/Master_project/detections/ID41_PIC4220_CAM_2.jpg,41,2
734,/home/matzim/PycharmProjects/Master_project/detections/ID42_PIC4221_CAM_2.jpg,42,2
735,/home/matzim/PycharmProjects/Master_project/detections/ID41_PIC4240_CAM_2.jpg,41,2
736,/home/matzim/PycharmProjects/Master_project/detections/ID42_PIC4241_CAM_2.jpg,42,2
737,/home/matzim/PycharmProjects/Master_project/detections/ID41_PIC4260_CAM_2.jpg,41,2
738,/home/matzim/PycharmProjects/Master_project/detections/ID42_PIC4261_CAM_2.jpg,42,2
739,/home/matzim/PycharmProjects/Master_project/detections/ID41_PIC4280_CAM_2.jpg,41,2
740,/home/matzim/PycharmProjects/Master_project/detections/ID42_PIC4281_CAM_2.jpg,42,2
741,/home/matzim/PycharmProjects/Master_project/detections/ID41_PIC4300_CAM_2.jpg,41,2
742,/home/matzim/PycharmProjects/Master_project/detections/ID41_PIC4310_CAM_2.jpg,41,2
743,/home/matzim/PycharmProjects/Master_project/detections/ID41_PIC4320_CAM_2.jpg,41,2
744,/home/matzim/PycharmProjects/Master_project/detections/ID41_PIC4330_CAM_2.jpg,41,2
745,/home/matzim/PycharmProjects/Master_project/detections/ID41_PIC4340_CAM_2.jpg,41,2
746,/home/matzim/PycharmProjects/Master_project/detections/ID41_PIC4350_CAM_2.jpg,41,2
747,/home/matzim/PycharmProjects/Master_project/detections/ID41_PIC4360_CAM_2.jpg,41,2
748,/home/matzim/PycharmProjects/Master_project/detections/ID41_PIC4370_CAM_2.jpg,41,2
749,/home/matzim/PycharmProjects/Master_project/detections/ID41_PIC4380_CAM_2.jpg,41,2
750,/home/matzim/PycharmProjects/Master_project/detections/ID41_PIC4390_CAM_2.jpg,41,2
751,/home/matzim/PycharmProjects/Master_project/detections/ID41_PIC4400_CAM_2.jpg,41,2
752,/home/matzim/PycharmProjects/Master_project/detections/ID41_PIC4410_CAM_2.jpg,41,2
753,/home/matzim/PycharmProjects/Master_project/detections/ID41_PIC4420_CAM_2.jpg,41,2
754,/home/matzim/PycharmProjects/Master_project/detections/ID41_PIC4430_CAM_2.jpg,41,2
755,/home/matzim/PycharmProjects/Master_project/detections/ID41_PIC4440_CAM_2.jpg,41,2
756,/home/matzim/PycharmProjects/Master_project/detections/ID41_PIC4450_CAM_2.jpg,41,2
757,/home/matzim/PycharmProjects/Master_project/detections/ID41_PIC4460_CAM_2.jpg,41,2
758,/home/matzim/PycharmProjects/Master_project/detections/ID41_PIC4479_CAM_2.jpg,41,2
759,/home/matzim/PycharmProjects/Master_project/detections/ID43_PIC4480_CAM_2.jpg,43,2
760,/home/matzim/PycharmProjects/Master_project/detections/ID41_PIC4499_CAM_2.jpg,41,2
761,/home/matzim/PycharmProjects/Master_project/detections/ID43_PIC4500_CAM_2.jpg,43,2
762,/home/matzim/PycharmProjects/Master_project/detections/ID41_PIC4519_CAM_2.jpg,41,2
763,/home/matzim/PycharmProjects/Master_project/detections/ID43_PIC4520_CAM_2.jpg,43,2
764,/home/matzim/PycharmProjects/Master_project/detections/ID41_PIC4539_CAM_2.jpg,41,2
765,/home/matzim/PycharmProjects/Master_project/detections/ID43_PIC4540_CAM_2.jpg,43,2
766,/home/matzim/PycharmProjects/Master_project/detections/ID41_PIC4559_CAM_2.jpg,41,2
767,/home/matzim/PycharmProjects/Master_project/detections/ID43_PIC4560_CAM_2.jpg,43,2
768,/home/matzim/PycharmProjects/Master_project/detections/ID41_PIC4579_CAM_2.jpg,41,2
769,/home/matzim/PycharmProjects/Master_project/detections/ID41_PIC4589_CAM_2.jpg,41,2
770,/home/matzim/PycharmProjects/Master_project/detections/ID41_PIC4599_CAM_2.jpg,41,2
771,/home/matzim/PycharmProjects/Master_project/detections/ID41_PIC4609_CAM_2.jpg,41,2
772,/home/matzim/PycharmProjects/Master_project/detections/ID41_PIC4619_CAM_2.jpg,41,2
773,/home/matzim/PycharmProjects/Master_project/detections/ID41_PIC4629_CAM_2.jpg,41,2
774,/home/matzim/PycharmProjects/Master_project/detections/ID41_PIC4639_CAM_2.jpg,41,2
775,/home/matzim/PycharmProjects/Master_project/detections/ID41_PIC4649_CAM_2.jpg,41,2
776,/home/matzim/PycharmProjects/Master_project/detections/ID41_PIC4659_CAM_2.jpg,41,2
777,/home/matzim/PycharmProjects/Master_project/detections/ID41_PIC4669_CAM_2.jpg,41,2
778,/home/matzim/PycharmProjects/Master_project/detections/ID41_PIC4679_CAM_2.jpg,41,2
779,/home/matzim/PycharmProjects/Master_project/detections/ID41_PIC4689_CAM_2.jpg,41,2
780,/home/matzim/PycharmProjects/Master_project/detections/ID41_PIC4699_CAM_2.jpg,41,2
781,/home/matzim/PycharmProjects/Master_project/detections/ID41_PIC4709_CAM_2.jpg,41,2
782,/home/matzim/PycharmProjects/Master_project/detections/ID41_PIC4719_CAM_2.jpg,41,2
783,/home/matzim/PycharmProjects/Master_project/detections/ID41_PIC4729_CAM_2.jpg,41,2
784,/home/matzim/PycharmProjects/Master_project/detections/ID41_PIC4739_CAM_2.jpg,41,2
785,/home/matzim/PycharmProjects/Master_project/detections/ID41_PIC4749_CAM_2.jpg,41,2
786,/home/matzim/PycharmProjects/Master_project/detections/ID44_PIC4768_CAM_2.jpg,44,2
787,/home/matzim/PycharmProjects/Master_project/detections/ID44_PIC4778_CAM_2.jpg,44,2
788,/home/matzim/PycharmProjects/Master_project/detections/ID44_PIC4788_CAM_2.jpg,44,2
789,/home/matzim/PycharmProjects/Master_project/detections/ID44_PIC4798_CAM_2.jpg,44,2
790,/home/matzim/PycharmProjects/Master_project/detections/ID44_PIC4808_CAM_2.jpg,44,2
791,/home/matzim/PycharmProjects/Master_project/detections/ID44_PIC4818_CAM_2.jpg,44,2
792,/home/matzim/PycharmProjects/Master_project/detections/ID44_PIC4828_CAM_2.jpg,44,2
793,/home/matzim/PycharmProjects/Master_project/detections/ID44_PIC4838_CAM_2.jpg,44,2
794,/home/matzim/PycharmProjects/Master_project/detections/ID44_PIC4848_CAM_2.jpg,44,2
795,/home/matzim/PycharmProjects/Master_project/detections/ID44_PIC4858_CAM_2.jpg,44,2
796,/home/matzim/PycharmProjects/Master_project/detections/ID44_PIC4868_CAM_2.jpg,44,2
797,/home/matzim/PycharmProjects/Master_project/detections/ID44_PIC4878_CAM_2.jpg,44,2
798,/home/matzim/PycharmProjects/Master_project/detections/ID44_PIC4897_CAM_2.jpg,44,2
799,/home/matzim/PycharmProjects/Master_project/detections/ID45_PIC4898_CAM_2.jpg,45,2
